-0.014336,-1.999994,-3E-06,0.000228,0.00788
-0.014375,-1.999994,-3E-06,0.000229,0.00788
-0.014414,-1.999994,-3E-06,0.000229,0.00788
-0.014456,-1.999993,-3E-06,0.000229,0.00788
-0.014493,-1.999993,-3E-06,0.000229,0.00788
-0.014532,-1.999993,-3E-06,0.000229,0.00788
-0.014571,-1.999993,-3E-06,0.000229,0.00788
-0.01461,-1.999993,-4E-06,0.000229,0.00788
-0.01465,-1.999993,-4E-06,0.00023,0.00788
-0.014689,-1.999993,-4E-06,0.00023,0.00788
-0.014729,-1.999993,-4E-06,0.00023,0.00788
-0.014768,-1.999993,-4E-06,0.00023,0.00788
-0.014807,-1.999993,-4E-06,0.00023,0.00788
-0.014846,-1.999993,-4E-06,0.00023,0.00788
-0.014885,-1.999993,-4E-06,0.00023,0.00788
-0.014924,-1.999993,-4E-06,0.00023,0.00788
-0.014963,-1.999993,-4E-06,0.000231,0.00788
-0.015002,-1.999993,-4E-06,0.000231,0.00788
-0.015041,-1.999993,-4E-06,0.000231,0.00788
-0.01508,-1.999993,-4E-06,0.000231,0.00788
-0.015119,-1.999993,-4E-06,0.000231,0.00788
-0.015158,-1.999993,-4E-06,0.000231,0.00788
-0.015197,-1.999993,-4E-06,0.000231,0.00788
-0.015236,-1.999993,-4E-06,0.000231,0.00788
-0.015276,-1.999993,-4E-06,0.000232,0.00788
-0.015315,-1.999993,-4E-06,0.000232,0.00788
-0.015354,-1.999993,-4E-06,0.000232,0.00788
-0.015393,-1.999993,-4E-06,0.000232,0.00788
-0.015432,-1.999993,-4E-06,0.000232,0.00788
-0.015471,-1.999993,-4E-06,0.000232,0.00788
-0.01551,-1.999993,-4E-06,0.000232,0.00788
-0.015549,-1.999993,-4E-06,0.000232,0.00788
-0.015588,-1.999993,-4E-06,0.000233,0.00788
-0.015627,-1.999993,-4E-06,0.000233,0.00788
-0.015666,-1.999993,-4E-06,0.000233,0.00788
-0.015705,-1.999993,-4E-06,0.000233,0.00788
-0.015744,-1.999993,-4E-06,0.000233,0.00788
-0.015783,-1.999993,-4E-06,0.000233,0.00788
-0.015822,-1.999993,-4E-06,0.000233,0.00788
-0.015861,-1.999993,-4E-06,0.000233,0.00788
-0.0159,-1.999993,-4E-06,0.000233,0.00788
-0.015939,-1.999993,-4E-06,0.000234,0.00788
-0.015978,-1.999993,-4E-06,0.000234,0.00788
-0.016018,-1.999993,-4E-06,0.000234,0.00788
-0.016056,-1.999993,-4E-06,0.000234,0.00788
-0.016095,-1.999993,-4E-06,0.000234,0.00788
-0.016134,-1.999993,-4E-06,0.000234,0.00788
-0.016173,-1.999993,-4E-06,0.000234,0.00788
-0.016212,-1.999993,-4E-06,0.000234,0.00788
-0.016251,-1.999993,-4E-06,0.000234,0.00788
-0.01629,-1.999993,-4E-06,0.000234,0.00788
-0.016328,-1.999993,-4E-06,0.000235,0.00788
-0.016367,-1.999993,-4E-06,0.000235,0.00788
-0.016406,-1.999993,-4E-06,0.000235,0.00788
-0.016446,-1.999993,-4E-06,0.000235,0.00788
-0.016484,-1.999993,-4E-06,0.000235,0.00788
-0.016523,-1.999993,-4E-06,0.000235,0.00788
-0.016562,-1.999993,-4E-06,0.000235,0.00788
-0.016601,-1.999993,-4E-06,0.000235,0.00788
-0.01664,-1.999993,-4E-06,0.000235,0.00788
-0.016679,-1.999993,-4E-06,0.000236,0.00788
-0.016717,-1.999993,-4E-06,0.000236,0.00788
-0.016756,-1.999993,-4E-06,0.000236,0.00788
-0.016795,-1.999993,-4E-06,0.000236,0.00788
-0.016834,-1.999992,-4E-06,0.000236,0.00788
-0.016873,-1.999992,-4E-06,0.000236,0.00788
-0.016912,-1.999992,-4E-06,0.000236,0.00788
-0.016951,-1.999992,-4E-06,0.000236,0.00788
-0.016989,-1.999992,-4E-06,0.000236,0.00788
-0.017028,-1.999992,-4E-06,0.000236,0.00788
-0.017067,-1.999992,-4E-06,0.000236,0.00788
-0.017106,-1.999992,-4E-06,0.000237,0.00788
-0.017145,-1.999992,-4E-06,0.000237,0.00788
-0.017184,-1.999992,-4E-06,0.000237,0.00788
-0.017222,-1.999992,-4E-06,0.000237,0.00788
-0.017261,-1.999992,-4E-06,0.000237,0.00788
-0.0173,-1.999992,-4E-06,0.000237,0.00788
-0.017339,-1.999992,-4E-06,0.000237,0.00788
-0.017378,-1.999992,-4E-06,0.000237,0.00788
-0.017416,-1.999992,-4E-06,0.000237,0.00788
-0.017456,-1.999992,-4E-06,0.000237,0.00788
-0.017495,-1.999992,-4E-06,0.000237,0.00788
-0.017534,-1.999992,-4E-06,0.000238,0.00788
-0.017572,-1.999992,-4E-06,0.000238,0.00788
-0.01761,-1.999992,-4E-06,0.000238,0.00788
-0.017649,-1.999992,-4E-06,0.000238,0.00788
-0.017688,-1.999992,-4E-06,0.000238,0.00788
-0.017727,-1.999992,-4E-06,0.000238,0.00788
-0.017765,-1.999992,-4E-06,0.000238,0.00788
-0.017804,-1.999992,-4E-06,0.000238,0.00788
-0.017843,-1.999992,-4E-06,0.000238,0.00788
-0.017882,-1.999992,-4E-06,0.000238,0.00788
-0.01792,-1.999992,-4E-06,0.000238,0.00788
-0.017959,-1.999992,-4E-06,0.000238,0.00788
-0.017998,-1.999992,-4E-06,0.000239,0.00788
-0.018037,-1.999992,-4E-06,0.000239,0.00788
-0.018076,-1.999992,-4E-06,0.000239,0.00788
-0.018114,-1.999992,-4E-06,0.000239,0.00788
-0.018153,-1.999992,-4E-06,0.000239,0.00788
-0.018191,-1.999992,-4E-06,0.000239,0.00788
-0.018231,-1.999992,-4E-06,-0.000774,0.000774
-0.01827,-1.999992,-4E-06,0.000239,0.00788
-0.018308,-1.999992,-4E-06,0.000239,0.00788
-0.018347,-1.999992,-4E-06,0.000239,0.00788
-0.018386,-1.999992,-4E-06,0.000239,0.00788
-0.018424,-1.999992,-4E-06,0.000239,0.00788
-0.018462,-1.999992,-4E-06,0.000239,0.00788
-0.018501,-1.999992,-4E-06,0.00024,0.00788
-0.01854,-1.999992,-4E-06,0.00024,0.00788
-0.018578,-1.999992,-4E-06,0.00024,0.00788
-0.018617,-1.999992,-4E-06,0.00024,0.00788
-0.018656,-1.999992,-4E-06,0.00024,0.00788
-0.018695,-1.999992,-4E-06,0.00024,0.00788
-0.018735,-1.999992,-4E-06,0.00024,0.00788
-0.018772,-1.999992,-4E-06,0.00024,0.00788
-0.01881,-1.999992,-4E-06,0.00024,0.00788
-0.018849,-1.999992,-4E-06,0.00024,0.00788
-0.018888,-1.999992,-4E-06,0.00024,0.00788
-0.018926,-1.999992,-4E-06,0.00024,0.00788
-0.018965,-1.999992,-4E-06,0.00024,0.00788
-0.019003,-1.999992,-4E-06,0.00024,0.00788
-0.019042,-1.999992,-5E-06,0.00024,0.00788
-0.019081,-1.999992,-5E-06,0.000241,0.00788
-0.019119,-1.999992,-5E-06,0.000241,0.00788
-0.019158,-1.999992,-5E-06,0.000241,0.00788
-0.019197,-1.999992,-5E-06,0.000241,0.00788
-0.019237,-1.999991,-5E-06,0.000241,0.00788
-0.019275,-1.999991,-5E-06,0.000241,0.00788
-0.019312,-1.999991,-5E-06,0.000241,0.00788
-0.019351,-1.999991,-5E-06,0.000241,0.00788
-0.01939,-1.999991,-5E-06,0.000241,0.00788
-0.019428,-1.999991,-5E-06,0.000241,0.00788
-0.019467,-1.999991,-5E-06,0.000241,0.00788
-0.019505,-1.999991,-5E-06,0.000241,0.00788
-0.019544,-1.999991,-5E-06,0.000241,0.00788
-0.019583,-1.999991,-5E-06,0.000241,0.00788
-0.019623,-1.999991,-5E-06,0.000241,0.00788
-0.01966,-1.999991,-5E-06,0.000242,0.00788
-0.019698,-1.999991,-5E-06,0.000242,0.00788
-0.019737,-1.999991,-5E-06,0.000242,0.00788
-0.019775,-1.999991,-5E-06,0.000242,0.00788
-0.019814,-1.999991,-5E-06,0.000242,0.00788
-0.019853,-1.999991,-5E-06,0.000242,0.00788
-0.019891,-1.999991,-5E-06,0.000242,0.00788
-0.01993,-1.999991,-5E-06,0.000242,0.00788
-0.019969,-1.999991,-5E-06,0.000242,0.00788
-0.020007,-1.999991,-5E-06,0.000242,0.00788
-0.020045,-1.999991,-5E-06,0.000242,0.00788
-0.020084,-1.999991,-5E-06,0.000242,0.00788
-0.020122,-1.999991,-5E-06,0.000242,0.00788
-0.020161,-1.999991,-5E-06,0.000242,0.00788
-0.0202,-1.999991,-5E-06,0.000242,0.00788
-0.020238,-1.999991,-5E-06,0.000242,0.00788
-0.020277,-1.999991,-5E-06,0.000242,0.00788
-0.020315,-1.999991,-5E-06,0.000242,0.00788
-0.020354,-1.999991,-5E-06,0.000243,0.00788
-0.020392,-1.999991,-5E-06,0.000243,0.00788
-0.020431,-1.999991,-5E-06,0.000243,0.00788
-0.020469,-1.999991,-5E-06,0.000243,0.00788
-0.020508,-1.999991,-5E-06,0.000243,0.00788
-0.020546,-1.999991,-5E-06,0.000243,0.00788
-0.020585,-1.999991,-5E-06,0.000243,0.00788
-0.020623,-1.999991,-5E-06,0.000243,0.00788
-0.020663,-1.999991,-5E-06,0.000243,0.00788
-0.020701,-1.999991,-5E-06,0.000243,0.00788
-0.020739,-1.999991,-5E-06,0.000243,0.00788
-0.020777,-1.999991,-5E-06,0.000243,0.00788
-0.020816,-1.999991,-5E-06,0.000243,0.00788
-0.020854,-1.999991,-5E-06,0.000243,0.00788
-0.020893,-1.999991,-5E-06,0.000243,0.00788
-0.020931,-1.999991,-5E-06,0.000243,0.00788
-0.02097,-1.999991,-5E-06,0.000243,0.00788
-0.021009,-1.999991,-5E-06,0.000243,0.00788
-0.021047,-1.999991,-5E-06,0.000243,0.00788
-0.021085,-1.999991,-5E-06,0.000244,0.00788
-0.021124,-1.999991,-5E-06,0.000244,0.00788
-0.021162,-1.999991,-5E-06,0.000244,0.00788
-0.021201,-1.999991,-5E-06,0.000244,0.00788
-0.021239,-1.999991,-5E-06,0.000244,0.00788
-0.021278,-1.999991,-5E-06,0.000244,0.00788
-0.021317,-1.999991,-5E-06,0.000244,0.00788
-0.021355,-1.999991,-5E-06,0.000244,0.00788
-0.021394,-1.999991,-5E-06,0.000244,0.00788
-0.021432,-1.999991,-5E-06,0.000244,0.00788
-0.021471,-1.999991,-5E-06,0.000244,0.00788
-0.021508,-1.999991,-5E-06,0.000244,0.00788
-0.021547,-1.999991,-5E-06,0.000244,0.00788
-0.021585,-1.99999,-5E-06,0.000244,0.00788
-0.021624,-1.99999,-5E-06,0.000244,0.00788
-0.021662,-1.99999,-5E-06,0.000244,0.007881
-0.021701,-1.99999,-5E-06,0.000244,0.007881
-0.021741,-1.99999,-5E-06,0.000244,0.007881
-0.021778,-1.99999,-5E-06,0.000244,0.007881
-0.021817,-1.99999,-5E-06,0.000244,0.007881
-0.021855,-1.99999,-5E-06,0.000244,0.007881
-0.021893,-1.99999,-5E-06,0.000244,0.007881
-0.021931,-1.99999,-5E-06,0.000245,0.007881
-0.02197,-1.99999,-5E-06,0.000245,0.007881
-0.022009,-1.99999,-5E-06,0.000245,0.007881
-0.022046,-1.99999,-5E-06,0.000245,0.007881
-0.022085,-1.99999,-5E-06,0.000245,0.007881
-0.022123,-1.99999,-5E-06,0.000245,0.007881
-0.022162,-1.99999,-5E-06,0.000245,0.007881
-0.0222,-1.99999,-5E-06,0.000245,0.007881
-0.022239,-1.99999,-5E-06,0.000245,0.007881
-0.022276,-1.99999,-5E-06,0.000245,0.007881
-0.022315,-1.99999,-5E-06,0.000245,0.007881
-0.022354,-1.99999,-5E-06,0.000245,0.007881
-0.022392,-1.99999,-5E-06,0.000245,0.007881
-0.022431,-1.99999,-5E-06,0.000245,0.007881
-0.022469,-1.99999,-5E-06,0.000245,0.007881
-0.022507,-1.99999,-5E-06,0.000245,0.007881
-0.022546,-1.99999,-5E-06,0.000245,0.007881
-0.022584,-1.99999,-5E-06,0.000245,0.007881
-0.022623,-1.99999,-5E-06,0.000245,0.007881
-0.022661,-1.99999,-5E-06,0.000245,0.007881
-0.022699,-1.99999,-5E-06,0.000245,0.007881
-0.022738,-1.99999,-5E-06,0.000245,0.007881
-0.022776,-1.99999,-5E-06,0.000245,0.007881
-0.022814,-1.99999,-5E-06,0.000245,0.007881
-0.022853,-1.99999,-5E-06,0.000245,0.007881
-0.022891,-1.99999,-5E-06,0.000245,0.007881
-0.02293,-1.99999,-5E-06,0.000246,0.007881
-0.022968,-1.99999,-5E-06,0.000246,0.007881
-0.023006,-1.99999,-5E-06,0.000246,0.007881
-0.023045,-1.99999,-5E-06,0.000246,0.007881
-0.023083,-1.99999,-5E-06,0.000246,0.007881
-0.023122,-1.99999,-5E-06,0.000246,0.007881
-0.02316,-1.99999,-5E-06,0.000246,0.007881
-0.023198,-1.99999,-5E-06,0.000246,0.007881
-0.023237,-1.99999,-5E-06,0.000246,0.007881
-0.023276,-1.99999,-5E-06,0.000246,0.007881
-0.023314,-1.99999,-5E-06,0.000246,0.007881
-0.023352,-1.99999,-5E-06,-0.000767,0.000767
-0.023391,-1.99999,-5E-06,0.000246,0.007881
-0.023429,-1.99999,-6E-06,0.000246,0.007881
-0.023467,-1.99999,-6E-06,0.000246,0.007881
-0.023505,-1.99999,-6E-06,0.000246,0.007881
-0.023543,-1.99999,-6E-06,0.000246,0.007881
-0.023582,-1.99999,-6E-06,0.000246,0.007881
-0.02362,-1.99999,-6E-06,0.000246,0.007881
-0.023659,-1.99999,-6E-06,0.000246,0.007881
-0.023697,-1.99999,-6E-06,0.000246,0.007881
-0.023736,-1.99999,-6E-06,0.000246,0.007881
-0.023774,-1.99999,-6E-06,0.000246,0.007881
-0.023812,-1.99999,-6E-06,0.000246,0.007881
-0.02385,-1.99999,-6E-06,0.000246,0.007881
-0.023889,-1.99999,-6E-06,0.000246,0.007881
-0.023927,-1.999989,-6E-06,0.000246,0.007881
-0.023965,-1.999989,-6E-06,0.000246,0.007881
-0.024004,-1.999989,-6E-06,0.000246,0.007881
-0.024043,-1.999989,-6E-06,0.000246,0.007881
-0.024081,-1.999989,-6E-06,0.000247,0.007881
-0.024119,-1.999989,-6E-06,0.000247,0.007881
-0.024158,-1.999989,-6E-06,0.000247,0.007881
-0.024196,-1.999989,-6E-06,0.000247,0.007881
-0.024234,-1.999989,-6E-06,0.000247,0.007881
-0.024272,-1.999989,-6E-06,0.000247,0.007881
-0.02431,-1.999989,-6E-06,0.000247,0.007881
-0.024348,-1.999989,-6E-06,0.000247,0.007881
-0.024388,-1.999989,-6E-06,0.000247,0.007881
-0.024426,-1.999989,-6E-06,0.000247,0.007881
-0.024464,-1.999989,-6E-06,0.000247,0.007881
-0.024502,-1.999989,-6E-06,0.000247,0.007881
-0.024541,-1.999989,-6E-06,0.000247,0.007881
-0.024578,-1.999989,-6E-06,0.000247,0.007881
-0.024617,-1.999989,-6E-06,0.000247,0.007881
-0.024655,-1.999989,-6E-06,0.000247,0.007881
-0.024693,-1.999989,-6E-06,0.000247,0.007881
-0.024732,-1.999989,-6E-06,0.000247,0.007881
-0.02477,-1.999989,-6E-06,0.000247,0.007881
-0.024808,-1.999989,-6E-06,0.000247,0.007881
-0.024846,-1.999989,-6E-06,0.000247,0.007881
-0.024885,-1.999989,-6E-06,0.000247,0.007881
-0.024923,-1.999989,-6E-06,0.000247,0.007881
-0.024963,-1.999989,-6E-06,0.000247,0.007881
-0.025,-1.999989,-6E-06,0.000247,0.007881
-0.025038,-1.999989,-6E-06,0.000247,0.007881
-0.025076,-1.999989,-6E-06,0.000247,0.007881
-0.025115,-1.999989,-6E-06,0.000247,0.007881
-0.025153,-1.999989,-6E-06,0.000247,0.007881
-0.025191,-1.999989,-6E-06,0.000247,0.007881
-0.025229,-1.999989,-6E-06,0.000247,0.007881
-0.025268,-1.999989,-6E-06,0.000247,0.007881
-0.025306,-1.999989,-6E-06,0.000247,0.007881
-0.025344,-1.999989,-6E-06,0.000247,0.007881
-0.025383,-1.999989,-6E-06,0.000247,0.007881
-0.025421,-1.999989,-6E-06,0.000247,0.007881
-0.025459,-1.999989,-6E-06,0.000247,0.007881
-0.025497,-1.999989,-6E-06,0.000247,0.007881
-0.025536,-1.999989,-6E-06,0.000248,0.007881
-0.025574,-1.999989,-6E-06,0.000248,0.007881
-0.025612,-1.999989,-6E-06,0.000248,0.007881
-0.025651,-1.999989,-6E-06,0.000248,0.007881
-0.02569,-1.999989,-6E-06,0.000248,0.007881
-0.025727,-1.999989,-6E-06,0.000248,0.007881
-0.025765,-1.999989,-6E-06,0.000248,0.007881
-0.025804,-1.999989,-6E-06,0.000248,0.007881
-0.025842,-1.999989,-6E-06,0.000248,0.007881
-0.02588,-1.999989,-6E-06,0.000248,0.007881
-0.025919,-1.999989,-6E-06,0.000248,0.007881
-0.025957,-1.999989,-6E-06,0.000248,0.007881
-0.025996,-1.999989,-6E-06,0.000248,0.007881
-0.026034,-1.999989,-6E-06,0.000248,0.007881
-0.026072,-1.999989,-6E-06,0.000248,0.007881
-0.026111,-1.999989,-6E-06,0.000248,0.007881
-0.026148,-1.999989,-6E-06,0.000248,0.007881
-0.026186,-1.999989,-6E-06,0.000248,0.007881
-0.026225,-1.999989,-6E-06,0.000248,0.007881
-0.026263,-1.999988,-6E-06,0.000248,0.007881
-0.026301,-1.999988,-6E-06,0.000248,0.007881
-0.026339,-1.999988,-6E-06,0.000248,0.007881
-0.026378,-1.999988,-6E-06,0.000248,0.007881
-0.026417,-1.999988,-6E-06,0.000248,0.007881
-0.026455,-1.999988,-6E-06,0.000248,0.007881
-0.026492,-1.999988,-6E-06,0.000248,0.007881
-0.026531,-1.999988,-6E-06,0.000248,0.007881
-0.026569,-1.999988,-6E-06,0.000248,0.007881
-0.026607,-1.999988,-6E-06,0.000248,0.007881
-0.026645,-1.999988,-6E-06,0.000248,0.007881
-0.026684,-1.999988,-6E-06,0.000248,0.007881
-0.026722,-1.999988,-6E-06,0.000248,0.007881
-0.026765,-1.999988,-6E-06,0.000248,0.007881
-0.026799,-1.999988,-6E-06,0.000248,0.007881
-0.026837,-1.999988,-6E-06,0.000248,0.007881
-0.026876,-1.999988,-6E-06,0.000248,0.007881
-0.026913,-1.999988,-6E-06,0.000248,0.007881
-0.026951,-1.999988,-6E-06,0.000248,0.007881
-0.026989,-1.999988,-6E-06,0.000248,0.007881
-0.027028,-1.999988,-6E-06,0.000248,0.007881
-0.027066,-1.999988,-6E-06,0.000248,0.007881
-0.027104,-1.999988,-6E-06,0.000248,0.007881
-0.027142,-1.999988,-6E-06,0.000248,0.007881
-0.027181,-1.999988,-6E-06,0.000248,0.007881
-0.02722,-1.999988,-6E-06,0.000248,0.007881
-0.027257,-1.999988,-6E-06,0.000248,0.007881
-0.027295,-1.999988,-6E-06,0.000248,0.007881
-0.027334,-1.999988,-6E-06,0.000248,0.007881
-0.027372,-1.999988,-6E-06,0.000248,0.007881
-0.02741,-1.999988,-6E-06,0.000249,0.007881
-0.027448,-1.999988,-6E-06,0.000249,0.007881
-0.027486,-1.999988,-6E-06,0.000249,0.007881
-0.027525,-1.999988,-6E-06,0.000249,0.007881
-0.027563,-1.999988,-6E-06,0.000249,0.007881
-0.027601,-1.999988,-6E-06,0.000249,0.007881
-0.027639,-1.999988,-6E-06,0.000249,0.007881
-0.027678,-1.999988,-6E-06,0.000249,0.007881
-0.027716,-1.999988,-6E-06,0.000249,0.007881
-0.027754,-1.999988,-6E-06,0.000249,0.007881
-0.027792,-1.999988,-7E-06,0.000249,0.007881
-0.027831,-1.999988,-7E-06,0.000249,0.007881
-0.027869,-1.999988,-7E-06,0.000249,0.007881
-0.027907,-1.999988,-7E-06,0.000249,0.007881
-0.027945,-1.999988,-7E-06,0.000249,0.007881
-0.027983,-1.999988,-7E-06,0.000249,0.007881
-0.028022,-1.999988,-7E-06,0.000249,0.007881
-0.02806,-1.999988,-7E-06,0.000249,0.007881
-0.028098,-1.999988,-7E-06,0.000249,0.007881
-0.028136,-1.999988,-7E-06,0.000249,0.007881
-0.028174,-1.999988,-7E-06,0.000249,0.007881
-0.028213,-1.999988,-7E-06,0.000249,0.007881
-0.028251,-1.999988,-7E-06,0.000249,0.007881
-0.028289,-1.999988,-7E-06,0.000249,0.007881
-0.028327,-1.999988,-7E-06,0.000249,0.007881
-0.028365,-1.999988,-7E-06,0.000249,0.007881
-0.028404,-1.999988,-7E-06,0.000249,0.007881
-0.028442,-1.999988,-7E-06,0.000249,0.007881
-0.02848,-1.999988,-7E-06,0.000249,0.007881
-0.028518,-1.999988,-7E-06,0.000249,0.007881
-0.028557,-1.999988,-7E-06,0.000249,0.007881
-0.028595,-1.999987,-7E-06,0.000249,0.007881
-0.028634,-1.999987,-7E-06,0.000249,0.007881
-0.028672,-1.999987,-7E-06,0.000249,0.007881
-0.02871,-1.999987,-7E-06,0.000249,0.007881
-0.028748,-1.999987,-7E-06,0.000249,0.007881
-0.028786,-1.999987,-7E-06,0.000249,0.007881
-0.028824,-1.999987,-7E-06,0.000249,0.007881
-0.028861,-1.999987,-7E-06,0.000249,0.007881
-0.0289,-1.999987,-7E-06,0.000249,0.007881
-0.028939,-1.999987,-7E-06,0.000249,0.007881
-0.028977,-1.999987,-7E-06,0.000249,0.007881
-0.029015,-1.999987,-7E-06,0.000249,0.007881
-0.029053,-1.999987,-7E-06,0.000249,0.007881
-0.029091,-1.999987,-7E-06,0.000249,0.007881
-0.02913,-1.999987,-7E-06,0.000249,0.007881
-0.029168,-1.999987,-7E-06,0.000249,0.007881
-0.029206,-1.999987,-7E-06,0.000249,0.007881
-0.029244,-1.999987,-7E-06,0.000249,0.007881
-0.029282,-1.999987,-7E-06,0.000249,0.007881
-0.02932,-1.999987,-7E-06,0.000249,0.007881
-0.029359,-1.999987,-7E-06,0.000249,0.007881
-0.029397,-1.999987,-7E-06,0.000249,0.007881
-0.029436,-1.999987,-7E-06,0.000249,0.007881
-0.029476,-1.999987,-7E-06,0.000249,0.007881
-0.029511,-1.999987,-7E-06,0.000249,0.007881
-0.02955,-1.999987,-7E-06,0.000249,0.007881
-0.029588,-1.999987,-7E-06,0.000249,0.007881
-0.029626,-1.999987,-7E-06,0.000249,0.007881
-0.029664,-1.999987,-7E-06,0.000249,0.007881
-0.029702,-1.999987,-7E-06,0.000249,0.007881
-0.029741,-1.999987,-7E-06,0.000249,0.007881
-0.029779,-1.999987,-7E-06,0.000249,0.007881
-0.029817,-1.999987,-7E-06,0.000249,0.007881
-0.029855,-1.999987,-7E-06,0.000249,0.007881
-0.029893,-1.999987,-7E-06,0.000249,0.007881
-0.029931,-1.999987,-7E-06,0.000249,0.007881
-0.02997,-1.999987,-7E-06,0.000249,0.007881
-0.030008,-1.999987,-7E-06,0.000249,0.007881
-0.030046,-1.999987,-7E-06,0.000249,0.007881
-0.030084,-1.999987,-7E-06,0.000249,0.007881
-0.030122,-1.999987,-7E-06,0.00025,0.007881
-0.030161,-1.999987,-7E-06,0.00025,0.007881
-0.030199,-1.999987,-7E-06,0.00025,0.007881
-0.030238,-1.999987,-7E-06,0.00025,0.007881
-0.030275,-1.999987,-7E-06,0.00025,0.007881
-0.030313,-1.999987,-7E-06,0.00025,0.007881
-0.030351,-1.999987,-7E-06,0.00025,0.007881
-0.03039,-1.999987,-7E-06,0.00025,0.007881
-0.030428,-1.999987,-7E-06,0.00025,0.007881
-0.030466,-1.999987,-7E-06,0.00025,0.007881
-0.030504,-1.999987,-7E-06,0.00025,0.007881
-0.030542,-1.999987,-7E-06,0.00025,0.007881
-0.03058,-1.999987,-7E-06,0.00025,0.007881
-0.030619,-1.999987,-7E-06,0.00025,0.007881
-0.030657,-1.999987,-7E-06,0.00025,0.007881
-0.030695,-1.999987,-7E-06,0.00025,0.007881
-0.030733,-1.999987,-7E-06,0.00025,0.007881
-0.030771,-1.999987,-7E-06,0.00025,0.007881
-0.030809,-1.999987,-7E-06,0.00025,0.007881
-0.030848,-1.999987,-7E-06,0.00025,0.007881
-0.030886,-1.999987,-7E-06,0.00025,0.007881
-0.030925,-1.999986,-7E-06,0.00025,0.007881
-0.030963,-1.999986,-7E-06,0.00025,0.007881
-0.031001,-1.999986,-7E-06,0.00025,0.007881
-0.031039,-1.999986,-7E-06,0.00025,0.007881
-0.031077,-1.999986,-7E-06,0.00025,0.007881
-0.031115,-1.999986,-7E-06,0.00025,0.007881
-0.031153,-1.999986,-7E-06,0.00025,0.007881
-0.031191,-1.999986,-7E-06,0.00025,0.007881
-0.031229,-1.999986,-7E-06,0.00025,0.007881
-0.031268,-1.999986,-7E-06,0.00025,0.007881
-0.031306,-1.999986,-7E-06,0.00025,0.007881
-0.031345,-1.999986,-7E-06,0.00025,0.007881
-0.031383,-1.999986,-7E-06,0.00025,0.007881
-0.031421,-1.999986,-7E-06,0.00025,0.007881
-0.031459,-1.999986,-7E-06,0.00025,0.007881
-0.031496,-1.999986,-7E-06,0.00025,0.007881
-0.031535,-1.999986,-7E-06,0.00025,0.007881
-0.031573,-1.999986,-7E-06,0.00025,0.007881
-0.031611,-1.999986,-7E-06,0.00025,0.007881
-0.03165,-1.999986,-7E-06,0.00025,0.007881
-0.031688,-1.999986,-7E-06,0.00025,0.007881
-0.031726,-1.999986,-7E-06,0.00025,0.007881
-0.031764,-1.999986,-7E-06,0.00025,0.007881
-0.031802,-1.999986,-7E-06,0.00025,0.007881
-0.03184,-1.999986,-7E-06,0.00025,0.007881
-0.031878,-1.999986,-7E-06,0.00025,0.007881
-0.031916,-1.999986,-7E-06,0.00025,0.007881
-0.031954,-1.999986,-7E-06,0.00025,0.007881
-0.031993,-1.999986,-7E-06,0.00025,0.007881
-0.032031,-1.999986,-7E-06,0.00025,0.007881
-0.032069,-1.999986,-7E-06,0.00025,0.007881
-0.032107,-1.999986,-7E-06,0.00025,0.007881
-0.032145,-1.999986,-7E-06,0.00025,0.007881
-0.032183,-1.999986,-8E-06,0.00025,0.007881
-0.032221,-1.999986,-8E-06,0.00025,0.007881
-0.03226,-1.999986,-8E-06,0.00025,0.007881
-0.032298,-1.999986,-8E-06,0.00025,0.007881
-0.032336,-1.999986,-8E-06,0.00025,0.007881
-0.032374,-1.999986,-8E-06,0.00025,0.007881
-0.032412,-1.999986,-8E-06,0.00025,0.007881
-0.03245,-1.999986,-8E-06,0.00025,0.007881
-0.032488,-1.999986,-8E-06,0.00025,0.007881
-0.032527,-1.999986,-8E-06,0.00025,0.007881
-0.032565,-1.999986,-8E-06,0.00025,0.007881
-0.032603,-1.999986,-8E-06,0.00025,0.007881
-0.032641,-1.999986,-8E-06,0.00025,0.007881
-0.032679,-1.999986,-8E-06,0.00025,0.007881
-0.032717,-1.999986,-8E-06,0.00025,0.007881
-0.032756,-1.999986,-8E-06,0.00025,0.007881
-0.032794,-1.999986,-8E-06,0.00025,0.007881
-0.032832,-1.999986,-8E-06,0.00025,0.007881
-0.03287,-1.999986,-8E-06,0.00025,0.007881
-0.032908,-1.999986,-8E-06,0.00025,0.007881
-0.032946,-1.999986,-8E-06,0.00025,0.007881
-0.032984,-1.999986,-8E-06,0.00025,0.007881
-0.033023,-1.999986,-8E-06,0.00025,0.007881
-0.033061,-1.999986,-8E-06,0.00025,0.007881
-0.033099,-1.999986,-8E-06,0.00025,0.007881
-0.033137,-1.999986,-8E-06,0.00025,0.007881
-0.033175,-1.999986,-8E-06,0.00025,0.007881
-0.033213,-1.999986,-8E-06,0.00025,0.007881
-0.033251,-1.999985,-8E-06,0.00025,0.007881
-0.03329,-1.999985,-8E-06,0.00025,0.007881
-0.033328,-1.999985,-8E-06,0.00025,0.007881
-0.033366,-1.999985,-8E-06,0.00025,0.007881
-0.033404,-1.999985,-8E-06,0.00025,0.007881
-0.033442,-1.999985,-8E-06,0.00025,0.007881
-0.03348,-1.999985,-8E-06,0.00025,0.007881
-0.033518,-1.999985,-8E-06,0.00025,0.007881
-0.033557,-1.999985,-8E-06,0.00025,0.007881
-0.033595,-1.999985,-8E-06,0.00025,0.007881
-0.033633,-1.999985,-8E-06,0.00025,0.007881
-0.033671,-1.999985,-8E-06,0.00025,0.007881
-0.033709,-1.999985,-8E-06,0.00025,0.007881
-0.033747,-1.999985,-8E-06,0.00025,0.007881
-0.033785,-1.999985,-8E-06,0.00025,0.007881
-0.033824,-1.999985,-8E-06,0.00025,0.007881
-0.033862,-1.999985,-8E-06,0.00025,0.007881
-0.0339,-1.999985,-8E-06,0.00025,0.007881
-0.033939,-1.999985,-8E-06,0.00025,0.007881
-0.033976,-1.999985,-8E-06,0.00025,0.007881
-0.034014,-1.999985,-8E-06,0.00025,0.007881
-0.034052,-1.999985,-8E-06,0.00025,0.007881
-0.03409,-1.999985,-8E-06,0.00025,0.007881
-0.034129,-1.999985,-8E-06,0.00025,0.007881
-0.034167,-1.999985,-8E-06,0.00025,0.007881
-0.034205,-1.999985,-8E-06,0.00025,0.007881
-0.034243,-1.999985,-8E-06,0.00025,0.007881
-0.034281,-1.999985,-8E-06,0.00025,0.007881
-0.034319,-1.999985,-8E-06,0.00025,0.007881
-0.034357,-1.999985,-8E-06,0.00025,0.007881
-0.034396,-1.999985,-8E-06,0.00025,0.007881
-0.034434,-1.999985,-8E-06,0.00025,0.007881
-0.034472,-1.999985,-8E-06,0.00025,0.007881
-0.034511,-1.999985,-8E-06,0.00025,0.007881
-0.034548,-1.999985,-8E-06,0.00025,0.007881
-0.034586,-1.999985,-8E-06,0.00025,0.007881
-0.034624,-1.999985,-8E-06,0.00025,0.007881
-0.034663,-1.999985,-8E-06,0.00025,0.007881
-0.034701,-1.999985,-8E-06,0.00025,0.007881
-0.034739,-1.999985,-8E-06,0.00025,0.007881
-0.034777,-1.999985,-8E-06,0.00025,0.007881
-0.034815,-1.999985,-8E-06,0.00025,0.007881
-0.034853,-1.999985,-8E-06,0.00025,0.007881
-0.034891,-1.999985,-8E-06,0.00025,0.007881
-0.034929,-1.999985,-8E-06,0.00025,0.007881
-0.034968,-1.999985,-8E-06,0.00025,0.007881
-0.035006,-1.999985,-8E-06,0.00025,0.007881
-0.035044,-1.999985,-8E-06,0.00025,0.007881
-0.035082,-1.999985,-8E-06,0.00025,0.007881
-0.03512,-1.999985,-8E-06,0.00025,0.007881
-0.035158,-1.999985,-8E-06,0.000251,0.007881
-0.035196,-1.999985,-8E-06,0.000251,0.007881
-0.035235,-1.999985,-8E-06,0.000251,0.007881
-0.035273,-1.999985,-8E-06,0.000251,0.007881
-0.035311,-1.999985,-8E-06,0.000251,0.007881
-0.035349,-1.999985,-8E-06,0.000251,0.007881
-0.035387,-1.999985,-8E-06,0.000251,0.007881
-0.035425,-1.999985,-8E-06,0.000251,0.007881
-0.035463,-1.999985,-8E-06,0.000251,0.007881
-0.035502,-1.999985,-8E-06,0.000251,0.007881
-0.03554,-1.999984,-8E-06,0.000251,0.007881
-0.035578,-1.999984,-8E-06,0.000251,0.007881
-0.035616,-1.999984,-8E-06,0.000251,0.007881
-0.035654,-1.999984,-8E-06,0.000251,0.007881
-0.035692,-1.999984,-8E-06,0.000251,0.007881
-0.03573,-1.999984,-8E-06,0.000251,0.007881
-0.035768,-1.999984,-8E-06,0.000251,0.007881
-0.035806,-1.999984,-8E-06,0.000251,0.007881
-0.035844,-1.999984,-8E-06,0.000251,0.007881
-0.035883,-1.999984,-8E-06,0.000251,0.007881
-0.035921,-1.999984,-8E-06,0.000251,0.007881
-0.035959,-1.999984,-8E-06,0.000251,0.007881
-0.035997,-1.999984,-8E-06,0.000251,0.007881
-0.036035,-1.999984,-8E-06,0.000251,0.007881
-0.036073,-1.999984,-8E-06,0.000251,0.007881
-0.036111,-1.999984,-8E-06,0.000251,0.007881
-0.036149,-1.999984,-8E-06,0.000251,0.007881
-0.036188,-1.999984,-8E-06,0.000251,0.007881
-0.036226,-1.999984,-8E-06,0.000251,0.007881
-0.036264,-1.999984,-8E-06,0.000251,0.007881
-0.036303,-1.999984,-8E-06,0.000251,0.007881
-0.03634,-1.999984,-8E-06,0.000251,0.007881
-0.036378,-1.999984,-8E-06,0.000251,0.007881
-0.036416,-1.999984,-8E-06,0.000251,0.007881
-0.036454,-1.999984,-8E-06,0.000251,0.007881
-0.036493,-1.999984,-8E-06,0.000251,0.007881
-0.036531,-1.999984,-9E-06,0.000251,0.007881
-0.036569,-1.999984,-9E-06,0.000251,0.007881
-0.036608,-1.999984,-9E-06,0.000251,0.007881
-0.036645,-1.999984,-9E-06,0.000251,0.007881
-0.036684,-1.999984,-9E-06,0.000251,0.007881
-0.036721,-1.999984,-9E-06,-0.000762,0.000762
-0.03676,-1.999984,-9E-06,0.000251,0.007881
-0.036798,-1.999984,-9E-06,0.000251,0.007881
-0.036836,-1.999984,-9E-06,0.000251,0.007881
-0.036874,-1.999984,-9E-06,0.000251,0.007881
-0.036912,-1.999984,-9E-06,0.000251,0.007881
-0.03695,-1.999984,-9E-06,0.000251,0.007881
-0.036988,-1.999984,-9E-06,0.000251,0.007881
-0.037026,-1.999984,-9E-06,0.000251,0.007881
-0.037064,-1.999984,-9E-06,0.000251,0.007881
-0.037102,-1.999984,-9E-06,0.000251,0.007881
-0.037141,-1.999984,-9E-06,0.000251,0.007881
-0.037179,-1.999984,-9E-06,0.000251,0.007881
-0.037217,-1.999984,-9E-06,0.000251,0.007881
-0.037255,-1.999984,-9E-06,0.000251,0.007881
-0.037293,-1.999984,-9E-06,0.000251,0.007881
-0.037331,-1.999984,-9E-06,0.000251,0.007881
-0.037369,-1.999984,-9E-06,0.000251,0.007881
-0.037407,-1.999984,-9E-06,0.000251,0.007881
-0.037446,-1.999984,-9E-06,0.000251,0.007881
-0.037484,-1.999984,-9E-06,0.000251,0.007881
-0.037522,-1.999984,-9E-06,0.000251,0.007881
-0.03756,-1.999984,-9E-06,0.000251,0.007881
-0.037598,-1.999984,-9E-06,0.000251,0.007881
-0.037636,-1.999984,-9E-06,0.000251,0.007881
-0.037674,-1.999984,-9E-06,0.000251,0.007881
-0.037712,-1.999984,-9E-06,0.000251,0.007881
-0.03775,-1.999984,-9E-06,0.000251,0.007881
-0.037789,-1.999984,-9E-06,0.000251,0.007881
-0.037827,-1.999984,-9E-06,0.000251,0.007881
-0.037865,-1.999983,-9E-06,0.000251,0.007881
-0.037903,-1.999983,-9E-06,0.000251,0.007881
-0.037941,-1.999983,-9E-06,0.000251,0.007881
-0.037979,-1.999983,-9E-06,0.000251,0.007881
-0.038017,-1.999983,-9E-06,0.000251,0.007881
-0.038055,-1.999983,-9E-06,0.000251,0.007881
-0.038093,-1.999983,-9E-06,0.000251,0.007881
-0.038132,-1.999983,-9E-06,0.000251,0.007881
-0.03817,-1.999983,-9E-06,0.000251,0.007881
-0.038208,-1.999983,-9E-06,0.000251,0.007881
-0.038246,-1.999983,-9E-06,0.000251,0.007881
-0.038284,-1.999983,-9E-06,0.000251,0.007881
-0.038322,-1.999983,-9E-06,0.000251,0.007881
-0.03836,-1.999983,-9E-06,0.000251,0.007881
-0.038398,-1.999983,-9E-06,0.000251,0.007881
-0.038436,-1.999983,-9E-06,0.000251,0.007881
-0.038475,-1.999983,-9E-06,0.000251,0.007881
-0.038513,-1.999983,-9E-06,0.000251,0.007881
-0.038551,-1.999983,-9E-06,0.000251,0.007881
-0.038589,-1.999983,-9E-06,0.000251,0.007881
-0.038628,-1.999983,-9E-06,0.000251,0.007881
-0.038666,-1.999983,-9E-06,0.000251,0.007881
-0.038703,-1.999983,-9E-06,0.000251,0.007881
-0.038741,-1.999983,-9E-06,0.000251,0.007881
-0.038779,-1.999983,-9E-06,0.000251,0.007881
-0.038818,-1.999983,-9E-06,0.000251,0.007881
-0.038856,-1.999983,-9E-06,0.000251,0.007881
-0.038895,-1.999983,-9E-06,0.000251,0.007881
-0.038932,-1.999983,-9E-06,0.000251,0.007881
-0.038971,-1.999983,-9E-06,0.000251,0.007881
-0.039009,-1.999983,-9E-06,0.000251,0.007881
-0.039047,-1.999983,-9E-06,0.000251,0.007881
-0.039084,-1.999983,-9E-06,0.000251,0.007881
-0.039122,-1.999983,-9E-06,0.000251,0.007881
-0.039161,-1.999983,-9E-06,0.000251,0.007881
-0.039199,-1.999983,-9E-06,0.000251,0.007881
-0.039237,-1.999983,-9E-06,0.000251,0.007881
-0.039275,-1.999983,-9E-06,0.000251,0.007881
-0.039313,-1.999983,-9E-06,0.000251,0.007881
-0.039352,-1.999983,-9E-06,0.000251,0.007881
-0.038757,-1.999983,-9E-06,0.032579,0.03376
-0.03541,-1.999983,-9E-06,0.112332,0.112739
-0.027063,-1.999983,-9E-06,0.225264,0.225487
-0.012847,-1.999983,-9E-06,0.346311,0.346458
0.00787,-1.999983,-9E-06,0.485542,0.485655
0.035641,-1.999983,-9E-06,0.626549,0.626635
0.070376,-1.999984,-9E-06,0.764633,0.764704
0.11205,-1.999984,-9E-06,0.905163,0.905223
0.160758,-1.999984,-9E-06,1.044608,1.044659
0.216359,-1.999985,-9E-06,1.180627,1.180673
0.279968,-1.999986,-9E-06,1.314994,1.315034
0.347436,-1.999986,-9E-06,1.440061,1.440097
0.4225,-1.999987,-1E-05,1.563734,1.563767
0.503536,-1.999988,-1E-05,1.67659,1.676619
0.589973,-1.999988,-1E-05,1.782225,1.782252
0.681608,-1.999989,-1E-05,1.884562,1.884587
0.778279,-1.99999,-1E-05,1.983704,1.983727
0.87983,-1.999991,-1E-05,2.079751,2.079773
0.986108,-1.999992,-1E-05,2.172798,2.172819
1.096965,-1.999993,-1E-05,2.262941,2.262961
1.212259,-1.999995,-1.1E-05,2.35027,2.350288
1.33185,-1.999996,-1.1E-05,2.434871,2.434889
1.455605,-1.999997,-1.1E-05,2.516832,2.516849
1.583382,-1.999999,-1.1E-05,2.595549,2.595565
1.715018,-2,-1.2E-05,2.671444,2.67146
1.850345,-2.000002,-1.2E-05,2.742281,2.742296
1.989031,-2.000003,-1.3E-05,2.806759,2.806773
2.13086,-2.000005,-1.3E-05,2.867402,2.867416
2.275566,-2.000007,-1.4E-05,2.922482,2.922495
2.422981,-2.000009,-1.5E-05,2.975813,2.975826
2.572987,-2.000012,-1.5E-05,3.026121,3.026134
2.725468,-2.000014,-1.6E-05,3.074844,3.074856
2.880347,-2.000017,-1.7E-05,3.122046,3.122058
3.037549,-2.000019,-1.8E-05,3.167774,3.167785
3.197002,-2.000022,-1.9E-05,3.212074,3.212085
3.358638,-2.000032,-0.000107,3.256843,3.256867
3.522375,-2.000151,-0.0011,3.296584,3.296619
3.687934,-2.000576,-0.003979,3.332011,3.332079
3.855308,-2.00161,-0.008211,3.367999,3.368164
4.024488,-2.003354,-0.012289,3.403356,3.403672
4.195436,-2.005752,-0.015687,3.438944,3.439415
4.368167,-2.008587,-0.017548,3.472239,3.472799
4.556514,-2.01182,-0.017098,3.506286,3.506746
4.711611,-2.01441,-0.015922,3.538099,3.538579
4.896222,-2.017158,-0.01387,3.561666,3.562019
5.074572,-2.019478,-0.012178,3.573515,3.573789
5.253432,-2.021546,-0.011401,3.581199,3.581455
5.432749,-2.023722,-0.011784,3.594821,3.595052
5.612728,-2.025794,-0.011112,3.609186,3.609398
5.793428,-2.027762,-0.010742,3.623298,3.623511
5.978514,-2.029673,-0.010438,3.637774,3.638005
6.160796,-2.031516,-0.010428,3.651867,3.65216
6.343333,-2.033586,-0.011519,3.65606,3.65624
6.522697,-2.035613,-0.01137,3.666745,3.666999
6.706217,-2.037731,-0.011524,3.676,3.676254
6.893877,-2.039909,-0.011668,3.685221,3.685479
7.074584,-2.042016,-0.011656,3.692581,3.692841
7.259347,-2.044169,-0.011645,3.69994,3.7002
7.448179,-2.046365,-0.011605,3.707233,3.707492
7.629951,-2.048471,-0.01157,3.714008,3.714265
7.815769,-2.050619,-0.011549,3.720681,3.720938
8.001915,-2.052768,-0.011549,3.727122,3.727379
8.188373,-2.054922,-0.011548,3.732902,3.73316
8.375085,-2.057078,-0.011548,3.73758,3.737837
8.562028,-2.059237,-0.011548,3.742108,3.742366
8.749193,-2.061398,-0.011547,3.7465,3.746758
8.936574,-2.063562,-0.011546,3.75076,3.751019
9.124165,-2.065728,-0.011546,3.754885,3.755144
9.311959,-2.067896,-0.011546,3.758875,3.759134
9.49995,-2.070067,-0.011545,3.762739,3.762999
9.68813,-2.07224,-0.011545,3.766488,3.766748
9.876496,-2.074414,-0.011544,3.770124,3.770384
10.06504,-2.076591,-0.011544,3.773644,3.773904
10.253757,-2.07877,-0.011544,3.777048,3.777309
10.442642,-2.08095,-0.011543,3.780346,3.780606
10.631689,-2.083132,-0.011543,3.783546,3.783807
10.820894,-2.085317,-0.011543,3.78665,3.78691
11.010236,-2.087502,-0.011543,3.788756,3.789016
11.199663,-2.089689,-0.011543,3.790315,3.790576
11.389151,-2.091876,-0.011542,3.79093,3.791191
11.58244,-2.094107,-0.011542,3.791057,3.791318
11.768141,-2.09625,-0.011542,3.790281,3.790542
11.957573,-2.098437,-0.011542,3.789051,3.789312
12.146945,-2.100623,-0.011542,3.787856,3.788116
12.336258,-2.102808,-0.011542,3.7867,3.78696
12.525514,-2.104992,-0.011542,3.785584,3.785845
12.714716,-2.107176,-0.011542,3.784504,3.784765
12.903864,-2.10936,-0.011542,3.783454,3.783714
13.09296,-2.111542,-0.011542,3.782433,3.782694
13.282006,-2.113724,-0.011542,3.781448,3.781708
13.471004,-2.115906,-0.011542,3.780497,3.780757
13.659955,-2.118087,-0.011542,3.779575,3.779836
13.848861,-2.120268,-0.011543,3.778678,3.778938
14.037722,-2.122448,-0.011543,3.777807,3.778067
14.226541,-2.124627,-0.011543,3.776967,3.777227
14.415318,-2.126806,-0.011543,3.776156,3.776416
14.604055,-2.128985,-0.011543,3.775369,3.775629
14.792754,-2.131163,-0.011543,3.774602,3.774862
14.981415,-2.133341,-0.011543,3.77386,3.774119
15.173811,-2.135562,-0.011543,3.773129,3.773389
15.358628,-2.137695,-0.011543,3.771431,3.771683
15.545977,-2.139858,-0.011543,3.698266,3.698517
15.728049,-2.14196,-0.01155,3.587328,3.587572
15.904661,-2.144004,-0.011606,3.479866,3.480106
16.075985,-2.146002,-0.011742,3.37579,3.376028
16.242188,-2.147971,-0.011976,3.274981,3.275222
16.403429,-2.149928,-0.012304,3.177305,3.177551
16.561053,-2.151896,-0.012665,3.155254,3.155518
16.719198,-2.153925,-0.012991,3.172445,3.172723
16.878189,-2.156013,-0.013259,3.189093,3.189384
17.037999,-2.15815,-0.013463,3.205243,3.205543
17.19859,-2.160324,-0.013598,3.220015,3.220323
17.359888,-2.162523,-0.013663,3.23386,3.234172
17.521853,-2.164739,-0.013695,3.246367,3.246682
17.684413,-2.166967,-0.013712,3.258001,3.258318
17.847546,-2.169205,-0.013718,3.26927,3.269587
18.011234,-2.17145,-0.013716,3.280185,3.280504
18.178748,-2.173747,-0.01371,3.290967,3.291286
18.343503,-2.176006,-0.013704,3.301204,3.301524
18.508763,-2.17827,-0.013701,3.311122,3.311443
18.67451,-2.180541,-0.0137,3.320731,3.321052
18.84073,-2.182819,-0.0137,3.33004,3.330362
19.004066,-2.185056,-0.0137,3.338423,3.338746
19.171123,-2.187345,-0.013701,3.345807,3.346131
19.338542,-2.189639,-0.013701,3.35296,3.353285
19.506314,-2.191938,-0.013701,3.35989,3.360215
19.674427,-2.194241,-0.013701,3.366604,3.366929
19.846242,-2.196595,-0.013701,3.373236,3.373562
20.015012,-2.198908,-0.013701,3.379533,3.379859
20.184091,-2.201225,-0.013701,3.385633,3.38596
20.353471,-2.203545,-0.013701,3.391542,3.39187
20.526538,-2.205917,-0.013701,3.397381,3.397709
20.689692,-2.208152,-0.013701,3.402705,3.403034
20.859912,-2.210485,-0.013701,3.408082,3.408411
21.030396,-2.212821,-0.013702,3.413291,3.413621
21.201137,-2.21516,-0.013702,3.418337,3.418668
21.372126,-2.217503,-0.013702,3.423226,3.423557
21.543356,-2.219849,-0.013702,3.427962,3.428293
21.714819,-2.222199,-0.013702,3.43255,3.432882
21.886508,-2.224551,-0.013702,3.436995,3.437327
22.068736,-2.227049,-0.013702,3.441555,3.441888
22.230535,-2.229266,-0.013702,3.445473,3.445806
22.402558,-2.231623,-0.013702,3.413806,3.414132
22.570633,-2.233926,-0.013702,3.31181,3.312127
22.733686,-2.23616,-0.013699,3.212945,3.213252
22.891873,-2.238326,-0.013683,3.117168,3.117466
23.045346,-2.240424,-0.013652,3.024382,3.024671
23.194254,-2.242454,-0.013613,2.934494,2.934773
23.341582,-2.244457,-0.013569,2.845698,2.845967
23.481695,-2.246355,-0.013526,2.761386,2.761647
23.617659,-2.248191,-0.01349,2.679707,2.679959
23.749603,-2.24997,-0.013465,2.600578,2.600822
23.875129,-2.251659,-0.013451,2.525428,2.525665
23.99948,-2.253331,-0.013444,2.451115,2.451345
24.122552,-2.254986,-0.013442,2.377705,2.377929
24.237325,-2.256529,-0.013443,2.309376,2.309594
24.351043,-2.258057,-0.013445,2.241807,2.24202
24.461436,-2.259542,-0.013447,2.176349,2.176556
24.568608,-2.260983,-0.013449,2.112934,2.113136
24.674708,-2.26241,-0.01345,2.05029,2.050487
24.773685,-2.263742,-0.01345,1.991982,1.992174
24.871783,-2.265061,-0.01345,1.934324,1.934511
24.967043,-2.266342,-0.01345,1.878465,1.878648
25.059554,-2.267587,-0.013449,1.824351,1.824529
25.152249,-2.268833,-0.013449,1.886045,1.886238
25.248035,-2.270122,-0.013449,1.947012,1.947209
25.346821,-2.27145,-0.013449,2.006075,2.006277
25.448557,-2.272819,-0.013448,2.067192,2.067399
25.555533,-2.274257,-0.013448,2.130779,2.13099
25.661394,-2.275681,-0.013448,2.192026,2.192243
25.774801,-2.277206,-0.013447,2.256981,2.257203
25.889152,-2.278744,-0.013447,2.318722,2.318949
26.004166,-2.28029,-0.013446,2.377357,2.377589
26.124442,-2.281908,-0.013446,2.43534,2.435577
26.250102,-2.283597,-0.013445,2.494489,2.49473
26.373661,-2.285259,-0.013445,2.550436,2.550682
26.502524,-2.286991,-0.013444,2.60576,2.606011
26.63411,-2.28876,-0.013443,2.659358,2.659613
26.768334,-2.290565,-0.013443,2.711281,2.711541
26.905113,-2.292404,-0.013442,2.761584,2.761848
27.044367,-2.294275,-0.013441,2.810316,2.810584
27.18602,-2.296179,-0.01344,2.857527,2.857799
27.329997,-2.298115,-0.013439,2.903264,2.903539
27.476224,-2.30008,-0.013438,2.947573,2.947852
27.624632,-2.302074,-0.013437,2.990498,2.990781
27.775152,-2.304096,-0.013436,3.032083,3.032369
27.927719,-2.306146,-0.013434,3.07237,3.072659
28.088491,-2.308306,-0.013433,3.112934,3.113227
28.241888,-2.310367,-0.013432,3.149953,3.150249
28.400256,-2.312494,-0.013431,3.18656,3.186859
28.560426,-2.314645,-0.01343,3.222024,3.222326
28.725596,-2.316864,-0.013429,3.257732,3.258037
28.882658,-2.318973,-0.013428,3.289009,3.289317
29.04787,-2.321192,-0.013427,3.321274,3.321584
29.214456,-2.323428,-0.013427,3.319439,3.319744
29.377892,-2.325623,-0.013427,3.220502,3.220799
29.536451,-2.327752,-0.013427,3.124488,3.124775
29.690285,-2.329818,-0.013427,3.031471,3.03175
29.83954,-2.331822,-0.013428,2.941358,2.94163
29.984361,-2.333767,-0.013431,2.854058,2.854323
30.124886,-2.335654,-0.013435,2.769484,2.769741
30.261248,-2.337487,-0.01344,2.687551,2.687801
30.393578,-2.339266,-0.013444,2.608175,2.608419
30.522002,-2.340993,-0.013448,2.531278,2.531515
30.646641,-2.342669,-0.013451,2.456782,2.457013
30.767614,-2.344296,-0.013452,2.384611,2.384836
30.888288,-2.34592,-0.013453,2.445117,2.445355
31.012002,-2.347584,-0.013453,2.505102,2.505345
31.138669,-2.349288,-0.013453,2.563215,2.563463
31.268195,-2.351031,-0.013452,2.619513,2.619766
31.400492,-2.352811,-0.013452,2.674054,2.674311
31.535474,-2.354627,-0.013452,2.726892,2.727153
31.673056,-2.356477,-0.013452,2.77808,2.778345
31.813156,-2.358362,-0.013452,2.82767,2.82794
31.955698,-2.36028,-0.013452,2.875712,2.875985
32.100604,-2.362229,-0.013452,2.922253,2.922531
32.2478,-2.364209,-0.013452,2.967342,2.967623
32.397216,-2.366219,-0.013452,3.011023,3.011308
32.551833,-2.368299,-0.013452,3.054173,3.054461
32.702428,-2.370325,-0.013452,3.094336,3.094628
32.858094,-2.372419,-0.013452,3.134052,3.134347
33.018886,-2.374582,-0.013452,3.173285,3.173584
33.175438,-2.376688,-0.013452,3.218869,3.219173
33.337509,-2.378869,-0.013452,3.265679,3.265986
33.501883,-2.38108,-0.013452,3.311028,3.311339
33.668489,-2.383321,-0.013452,3.354961,3.355276
33.837257,-2.385592,-0.013452,3.397522,3.397841
34.00812,-2.38789,-0.013452,3.438755,3.439077
34.181012,-2.390216,-0.013453,3.4787,3.479026
34.35587,-2.392569,-0.013453,3.517398,3.517727
34.532632,-2.394947,-0.013453,3.554888,3.55522
34.71124,-2.39735,-0.013453,3.591208,3.591543
34.891635,-2.399777,-0.013453,3.626393,3.626731
35.073761,-2.402227,-0.013453,3.66048,3.660821
35.257565,-2.4047,-0.013453,3.693503,3.693847
35.442995,-2.407195,-0.013453,3.725494,3.725841
35.629998,-2.409711,-0.013453,3.756487,3.756837
35.818528,-2.412247,-0.013453,3.786512,3.786864
36.008534,-2.414804,-0.013453,3.8156,3.815955
36.203816,-2.417431,-0.013453,3.844334,3.844691
36.392798,-2.419974,-0.013453,3.871079,3.871439
36.586966,-2.422586,-0.013453,3.897527,3.897889
36.782036,-2.42521,-0.013453,3.875537,3.875892
36.972835,-2.427777,-0.013453,3.759143,3.759488
37.157903,-2.430267,-0.013453,3.646311,3.646646
37.337418,-2.432682,-0.013453,3.537002,3.537327
37.511554,-2.435025,-0.013453,3.431106,3.431422
37.680477,-2.437298,-0.013452,3.328516,3.328823
37.844352,-2.439502,-0.013451,3.229129,3.229427
38.003336,-2.441641,-0.013451,3.132845,3.133134
38.157581,-2.443715,-0.01345,3.039567,3.039848
38.307235,-2.445728,-0.01345,2.949201,2.949475
38.452442,-2.447681,-0.01345,2.861657,2.861923
38.59334,-2.449577,-0.01345,2.776846,2.777104
38.730065,-2.451416,-0.01345,2.694683,2.694934
38.862746,-2.4532,-0.01345,2.615085,2.615329
38.991509,-2.454932,-0.01345,2.537972,2.53821
39.116478,-2.456613,-0.01345,2.463267,2.463498
39.23777,-2.458244,-0.01345,2.390894,2.391119
39.3555,-2.459828,-0.01345,2.320781,2.321
39.46978,-2.461365,-0.01345,2.252856,2.25307
39.580716,-2.462857,-0.01345,2.187053,2.187261
39.688415,-2.464306,-0.01345,2.123304,2.123507
39.792975,-2.465712,-0.01345,2.061527,2.061724
39.89449,-2.467078,-0.01345,2.00143,2.001623
39.99304,-2.468403,-0.01345,1.942897,1.943085
40.088701,-2.46969,-0.01345,1.885889,1.886072
40.18502,-2.470985,-0.01345,1.926438,1.926636
40.283509,-2.47231,-0.01345,2.015315,2.01552
40.386475,-2.473695,-0.01345,2.105442,2.105655
40.49393,-2.47514,-0.01345,2.19485,2.19507
40.608129,-2.476676,-0.01345,2.284981,2.285207
40.719744,-2.478178,-0.01345,2.367187,2.36742
40.840141,-2.479797,-0.01345,2.450199,2.450438
40.964624,-2.481472,-0.01345,2.530618,2.530864
41.093064,-2.483199,-0.01345,2.608527,2.608779
41.225338,-2.484978,-0.01345,2.684003,2.684262
41.364084,-2.486844,-0.013449,2.758562,2.758827
41.503746,-2.488723,-0.013449,2.829724,2.829995
41.646933,-2.490649,-0.013449,2.899342,2.899618
41.793546,-2.492621,-0.013449,2.966786,2.967069
41.943479,-2.494637,-0.013449,3.032125,3.032413
42.093533,-2.496655,-0.013448,3.094177,3.094471
42.249735,-2.498756,-0.013448,3.155539,3.155837
42.408957,-2.500897,-0.013447,3.214985,3.215288
42.571104,-2.503078,-0.013447,3.272574,3.272882
42.736086,-2.505296,-0.013447,3.328366,3.328679
42.903813,-2.507552,-0.013446,3.382416,3.382733
43.074201,-2.509843,-0.013445,3.434778,3.4351
43.247165,-2.512169,-0.013445,3.485505,3.485831
43.422626,-2.514528,-0.013444,3.534649,3.534979
43.600506,-2.516919,-0.013443,3.582258,3.582592
43.780728,-2.519342,-0.013443,3.628381,3.628719
